{"nodes":{"node:1":{"location":{"x":0,"y":0}},"node:2":{"location":{"x":210,"y":60}}},"selection":["node:1"],"view":{"scroll":{"x":-322.057037353515625,"y":-189.546173095703125},"zoom":0.330000013113021851}}